SITEID,LATITUDE,LONGITUDE,DUPLICATE,TARGET_SITEID,TOS_FIELD_PH,BOS_FIELD_PH
2007190001,-12.655,142.272,,TS0866,7,7
2007190002,-13.12,141.985,,TS0869,6.5,6.5
2007190003,-22.702,114.898,2007190213,TS0321,7.5,8
2007190004,-22.736,116.122,,TS0339,7.5,8
2007190005,-27.823,153.002,2007191059,TS1137,6.5,6.5
2007190007,-24.117,118.382,,TS0375,8,8
2007190009,-29.547,148.581,,TS1183,6,8
2007190010,-17.165,131.413,,TS0716,8,8.5
2007190011,-28.346,146.842,,TS1149,6.5,9
2007190012,-22.98,145.247,,TS1022,9,8.5
2007190013,-25.849,135.245,,TS0856,6.5,6
2007190014,-35.752,143.66,,TS1338,6,9
2007190015,-23.534,149.707,,TS1036,7.5,8
2007190016,-30.857,119.927,,TS0552,8,6
2007190017,-20.719,120.924,,TS0279,6.5,6.5
2007190018,-30.963,118.796,,TS0554,6.5,8
2007190019,-34.876,150.498,,TS1294,8,6
2007190021,-27.641,142.781,,TS1134,8.5,9
2007190022,-29.128,149.001,,TS1172,5.5,8
2007190023,-22.874,138.761,,TS1018,6,9
2007190024,-16.812,122.9,,TS0212,7,7.5
2007190025,-22.312,149.474,,TS0997,5,10
2007190028,-31.813,123.854,,TS0576,8.5,8.5
2007190029,-31.157,125.68,,TS0559,8.5,9
2007190031,-30.191,147.714,,TS1200,7,8
2007190032,-38.088,144.279,2007190632,TS1317,5.5,5.5
2007190033,-24.997,131.461,,TS0845,7,9
2007190034,-24.144,118.482,,TS0377,7,7
2007190035,-20.402,147.351,2007190876,TS0968,4.5,5
2007190036,-26.315,143.169,,TS1111,5.5,7
2007190038,-19.83,135.394,,TS0764,5.5,5.5
2007190039,-27.533,115.217,2007190984,TS0515,6.5,8.5
2007190041,-20.639,142.631,,TS0967,6,8
2007190042,-38.012,143.645,,TS1367,6,5.5
2007190043,-31.637,124.932,,TS0581,8.5,9
2007190044,-23.349,141.51,,TS1030,7.5,7
2007190048,-21.728,117.257,,TS0310,8.5,8.5
2007190050,-20.52,118.496,2007191481,TS0273,6,7
2007190051,-27.017,149.665,,TS1122,7,7
2007190052,-34.072,119.55,,TS0620,6,6
2007190053,-33.672,148.542,,TS1276,6,6
2007190054,-33.306,139.76,,TS0140,10,10
2007190055,-14.652,132.018,,TS0670,4.5,5
2007190056,-35.983,144.933,,TS1343,4.5,5
2007190057,-31.363,143.575,,TS1224,9,9.5
2007190058,-34.935,117.473,,TS0627,5,5
2007190059,-30.948,136.035,,TS0043,6,9.5
2007190062,-32.1,144.219,,TS1235,5.5,7.5
2007190063,-19.768,129.322,,TS0760,6.5,6.5
2007190064,-37.982,147.41,,TS1370,4.5,4.5
2007190065,-19.241,139.96,,TS0942,6.5,7
2007190066,-20.32,119.259,,TS0272,7.5,7.5
2007190067,-31.234,121.962,2007191121,TS0561,6,8.5
2007190068,-33.486,148.27,,TS1271,6,9
2007190069,-21.444,145.821,,TS0982,6,6
2007190070,-26.76,137.52,,TS0109,8,8
2007190071,-32.052,118.166,2007190289,TS0586,6,8.5
2007190072,-27.711,137.658,,TS0093,6,6
2007190073,-32.573,118.451,,TS0598,6.5,4.5
2007190074,-26.749,134.465,2007190389,TS0110,6,6.5
2007190075,-23.777,117.814,,TS0361,8,8.5
2007190076,-21.771,115.406,,TS0304,7,7.5
2007190077,-29.731,149.318,,TS1189,6,9
2007190078,-33.541,144.376,,TS1272,7.5,9.5
2007190079,-24.504,139.596,,TS1060,6,8
2007190081,-21.11,134.492,,TS0789,6,6
2007190082,-31.468,129.313,,TS0034,9.5,9.5
2007190083,-30.277,147.561,,TS1232,6.5,8.5
2007190084,-23.944,137.276,,TS0820,6,6.5
2007190086,-32.761,115.906,,TS0596,6,5.5
2007190087,-20.572,148.605,,TS0966,5,5
2007190089,-22.422,148.695,,TS1006,6,7.5
2007190090,-35.477,141.99,,TS1335,6.5,9
2007190091,-25.89,147.817,2007191053,TS1099,6,6.5
2007190092,-25.688,150.972,,TS1096,6,7
2007190093,-35.389,143.072,,TS1333,6,9
2007190094,-25.703,135.778,,TS0855,6,6.5
2007190095,-28.801,133.532,,TS0074,8.5,8.5
2007190096,-17.045,134.017,,TS0715,6,6
2007190097,-28.746,124.032,,TS0440,6,7.5
2007190098,-27.687,136.831,,TS0096,9,8.5
2007190099,-12.771,130.745,,TS0654,4,4.5
2007190101,-31.629,115.73,,TS0573,7,6.5
2007190103,-17.857,141.134,,TS0919,5.5,5.5
2007190104,-31.207,131.45,,TS0040,9.5,9.5
2007190105,-27.636,148.74,,TS1140,8.5,9.5
2007190106,-31.49,142.186,,TS1228,5.5,9
2007190107,-30.693,134.281,2007190913,TS0048,7,7
2007190108,-28.686,143.247,,TS1161,6,6
2007190110,-37.719,148.477,2007191182,TS1354,5,5
2007190111,-26.923,142.086,,TS1114,8,7
2007190112,-33.148,149.504,,TS1270,5.5,6
2007190113,-19.814,146.028,,TS0948,4.5,5
2007190114,-25.687,151.78,2007191045,TS1095,7,8
2007190115,-31.715,138.216,,TS0149,9.5,9.5
2007190116,-16.27,137.088,,TS0708,6.5,6.5
2007190117,-23.661,139.875,,TS1027,8.5,8.5
2007190118,-12.959,132.383,2007191552,TS0656,4,5
2007190119,-20.532,131.065,,TS0770,6.5,6.5
2007190121,-29.052,133.29,2007191545,TS0070,5,8
2007190122,-33.075,145.589,,TS1262,7,9
2007190123,-21.293,132.77,,TS0788,6.5,6.5
2007190124,-37.174,145.569,,TS1355,5.5,5.5
2007190125,-20.481,140.59,2007191532,TS0961,6.5,6.5
2007190126,-25.646,149.792,,TS1090,5,4.5
2007190127,-36.278,140.813,,TS0122,6.5,7.5
2007190128,-32.54,144.795,,TS1242,8,9
2007190129,-31.814,126.558,,TS0583,8.5,9
2007190130,-28.875,122.114,,TS0442,7.5,8
2007190131,-32.669,134.305,,TS0019,10,10
2007190132,-24.985,137.608,,TS0834,5.5,6
2007190134,-30.166,137.75,,TS0162,9.5,9
2007190135,-22.104,118.284,,TS0319,8.5,8.5
2007190136,-41.504,147.059,,TS1379,4.5,4.5
2007190137,-20.14,132.359,,TS0763,6.5,6.5
2007190138,-21.002,146.424,,TS0975,7,7
2007190139,-26.678,122.905,,TS0492,8,8.5
2007190141,-28.936,123.272,,TS0446,7.5,8
2007190142,-31.613,122.447,,TS0577,8,8
2007190144,-25.517,152.644,,TS1085,6.5,6.5
2007190145,-31.247,130.898,2007191105,TS0039,9.5,9.5
2007190146,-22.851,129.233,,TS0803,6.5,7.5
2007190147,-26.052,121.934,,TS0420,7.5,8.5
2007190148,-30.312,141.065,,TS1199,9,9.5
2007190149,-35.164,143.7,,TS1304,6,5
2007190150,-21.834,135.516,,TS0793,6,6
2007190151,-26.498,121.628,,TS0485,6.5,8
2007190152,-30.838,126.239,,TS0556,9,9
2007190153,-33.731,121.991,,TS0614,6,6
2007190154,-12.495,141.892,2007190568,TS0864,6.5,6.5
2007190155,-24.977,138.736,2007191031,TS1073,6.5,6
2007190156,-30.235,142.45,,TS1202,8.5,9.5
2007190158,-18.282,134.227,,TS0734,6,6
2007190159,-30.659,130.031,,TS0049,9.5,9.5
2007190161,-29.357,121.877,2007191413,TS0458,8.5,8.5
2007190162,-35.116,141.553,,TS1332,6,4.5
2007190163,-32.912,115.823,,TS0601,5,5.5
2007190164,-31.91,135.26,,TS0026,8,7
2007190165,-25.226,131.712,,TS0846,7.5,7.5
2007190166,-29.529,123.143,,TS0466,8,5.5
2007190167,-25.014,118.27,,TS0399,8,8
2007190168,-33.979,147.562,,TS1281,5,6.5
2007190169,-12.927,135.038,,TS0649,6,6
2007190170,-13.628,141.701,,TS0870,6.5,6.5
2007190172,-36.153,141.998,,TS1339,6,9.5
2007190174,-35.777,140.461,,TS0123,7,7
2007190175,-29.241,134.373,,TS0068,6.5,6
2007190176,-26.708,114.672,2007191566,TS0483,5.5,4.5
2007190177,-14.007,134.437,,TS0662,6,5.5
2007190178,-16.429,130.934,,TS0709,5.5,8
2007190179,-27.012,136.888,,TS0107,9.5,9.5
2007190181,-30.148,148.392,2007191396,TS1209,5,8.5
2007190182,-35.031,147.107,,TS1298,6,6
2007190183,-25.296,133.1,2007190471,TS0848,7,7
2007190184,-24.472,130.283,,TS0832,7,5
2007190185,-22.913,116.284,2007191253,TS0340,7.5,7.5
2007190187,-31.812,133.862,,TS0028,6,6
2007190188,-28.429,136.847,,TS0081,9,8.5
2007190189,-34.089,141.915,2007191542,TS1283,8.5,8.5
2007190190,-25.641,119.877,,TS0414,9,8.5
2007190192,-32.564,151.091,,TS1248,7,7.5
2007190193,-35.347,145.536,2007190788,TS1305,5.5,10
2007190194,-31.576,147.177,2007190704,TS1229,5.5,6
2007190195,-31.797,134.617,,TS0029,7.5,8
2007190196,-33.177,144.571,,TS1264,6,7.5
2007190197,-17.077,124.068,2007190962,TS0217,7,8
2007190198,-25.465,140.886,,TS1082,6.5,6.5
2007190202,-27.468,147.3,,TS1128,6,7
2007190203,-27.43,116.825,,TS0510,8,8
2007190204,-19.972,133.603,,TS0762,7,7
2007190205,-20.804,143.542,,TS0972,4.5,5.5
2007190206,-20.855,119.766,,TS0290,6.5,7.5
2007190207,-32.999,118.555,,TS0604,7.5,4.5
2007190208,-24.136,151.692,2007191593,TS1052,5.5,5
2007190209,-20.042,137.015,2007191254,TS0759,5.5,5.5
2007190211,-17.766,139.56,,TS0911,7.5,7.5
2007190212,-23.579,131.136,2007190747,TS0816,5,5
2007190213,-22.7,114.898,2007190003,TS0321,7.5,8
2007190214,-30.023,145.398,,TS1203,7,6.5
2007190215,-25.395,135.377,,TS0850,6,6.5
2007190216,-31.455,137.356,,TS0035,9.5,9.5
2007190217,-24.448,142.055,,TS1062,5,5
2007190218,-28.347,125.39,2007191348,TS0424,5.5,6
2007190219,-25.964,141.623,,TS1109,7.5,7.5
2007190221,-14.277,130.064,,TS0665,5.5,6.5
2007190222,-31.463,116.721,,TS0570,5.5,8.5
2007190223,-27.693,138.281,,TS0180,8.5,9
2007190224,-33.905,136.56,,TS0007,9.5,10
2007190225,-27.989,143.837,,TS1135,5.5,5.5
2007190226,-29.654,148.584,,TS1186,6,8
2007190227,-28.609,142.578,,TS1158,5.5,7.5
2007190228,-32.984,138.015,,TS0142,9,8.5
2007190229,-31.228,119.681,,TS0555,6.5,5.5
2007190230,-28.288,118.318,,TS0428,7.5,8
2007190231,-28.355,116.659,,TS0431,9,10
2007190232,-36.171,144.747,,TS1347,6.5,8.5
2007190233,-22.24,137.112,,TS0799,6,5.5
2007190234,-28.05,150.147,,TS1146,6,6
2007190235,-24.7,115.309,,TS0391,8,8
2007190237,-24.053,147.766,,TS1047,6,8.5
2007190238,-27.271,122.938,,TS0504,6.5,8
2007190239,-20.732,133.49,,TS0776,6.5,6.5
2007190241,-32.399,150.372,2007190978,TS1244,5.5,9.5
2007190242,-24.829,134.19,,TS0835,7,7.5
2007190243,-34.056,141.795,,TS1250,10,10
2007190244,-28.616,119.056,,TS0433,8.5,8.5
2007190245,-28.729,123.862,,TS0439,6.5,6.5
2007190246,-16.083,136.318,,TS0702,6,6
2007190248,-28.064,139.279,2007191198,TS0178,9.5,9
2007190249,-29.919,121.359,,TS0528,6.5,8
2007190251,-31.678,135.386,,TS0031,9.5,9.5
2007190252,-14.624,144.247,,TS0875,7,6.5
2007190253,-30.838,140.66,,TS0158,7,7.5
2007190256,-28.134,136.787,2007190875,TS0087,8,8.5
2007190257,-35.818,142.412,,TS1349,6.5,9
2007190258,-29.217,152.565,2007191176,TS1174,5,5.5
2007190259,-33.349,145.882,,TS1267,9,10
2007190261,-18.54,144.115,,TS0928,5,5
2007190263,-32.438,142.528,,TS1256,9,9
2007190264,-20.993,146.295,,TS0977,6,6.5
2007190265,-19.641,136.05,,TS0757,8,9.5
2007190266,-29.172,136.326,2007191458,TS0069,10,10
2007190267,-20.951,117.441,,TS0283,8.5,9
2007190268,-35.349,146.284,,TS1303,5.5,5
2007190269,-22.859,131.552,,TS0805,6.5,7
2007190271,-29.33,142.521,,TS1178,7.5,8.5
2007190272,-30.848,138.167,,TS0157,9.5,9.5
2007190273,-25.179,143.26,,TS1076,6,5.5
2007190274,-23.558,141.361,,TS1034,6,6.5
2007190275,-30.312,119.021,,TS0538,6.5,8.5
2007190276,-29.641,145.25,,TS1185,6,9.5
2007190278,-29.458,150.085,,TS1187,8,6
2007190279,-35.124,147.543,,TS1299,6,6
2007190281,-23.892,113.995,,TS0368,7.5,8
2007190282,-24.107,116.455,,TS0373,8,8
2007190283,-24.534,131.224,,TS0827,5,5
2007190284,-27.236,151.198,,TS1130,7.5,7.5
2007190285,-21.53,147.047,2007190406,TS0981,7.5,7.5
2007190286,-30.458,147.684,,TS1219,6.5,8.5
2007190287,-29.551,115.813,,TS0468,8.5,10
2007190288,-14.94,132.418,,TS0685,6,6
2007190289,-32.051,118.166,2007190071,TS0586,6,7.5
2007190290,-17.658,133.542,,TS0725,6,6.5
2007190291,-14.053,135.867,,TS0664,6,6
2007190292,-25.223,118.988,,TS0407,8.5,8.5
2007190293,-24.312,145.203,,TS1057,6,6.5
2007190294,-26.931,133.83,,TS0108,5,4.5
2007190296,-19.922,132.597,2007190758,TS0773,6.5,6.5
2007190298,-25.056,140.179,,TS1077,6.5,7
2007190299,-28.568,144.259,,TS1143,6,9
2007190301,-14.681,134.575,,TS0675,6.5,6
2007190302,-33.888,119.864,,TS0618,6.5,6.5
2007190303,-23.653,151.054,,TS1039,6,7
2007190304,-27.355,115.901,,TS0507,6.5,9
2007190305,-21.291,116.148,,TS0295,8,8.5
2007190307,-16.434,143.804,,TS0891,6.5,5.5
2007190308,-19.478,135.288,,TS0752,5.5,5.5
2007190309,-23.376,117.039,,TS0350,7.5,7.5
2007190310,-20.204,121.314,,TS0269,5.5,6.5
2007190311,-30.539,115.226,2007191259,TS0542,7,8
2007190312,-25.601,142.79,,TS1088,6.5,6
2007190313,-13.825,130.726,,TS0661,6,6
2007190315,-20.326,119.306,,TS0275,7,8
2007190316,-28.837,114.826,,TS0444,6.5,9
2007190317,-17.373,124.028,,TS0221,7,7
2007190318,-15.156,144.343,,TS0882,7.5,7.5
2007190319,-42.447,145.538,,TS1384,4,4.5
2007190321,-18.005,137.451,,TS0727,6,5.5
2007190322,-17.407,143.8,,TS0908,7.5,7.5
2007190323,-12.814,132.745,,TS0651,4.5,4.5
2007190324,-31.737,124.448,,TS0585,8.5,8.5
2007190325,-38.354,142.496,,TS1322,6,5.5
2007190326,-29.449,137.746,,TS0167,9.5,9.5
2007190327,-26.127,118.294,,TS0473,8,5
2007190328,-18.716,121.93,2007191598,TS0244,6,6
2007190329,-27.097,135.508,,TS0104,7,7
2007190331,-31.224,139.653,,TS0154,9.5,9.5
2007190332,-20.667,117.954,,TS0278,6,7
2007190333,-13.153,130.541,,TS0658,5,5
2007190334,-30.313,145.619,,TS1208,7.5,8.5
2007190335,-32.692,145.157,2007190692,TS1251,8,9
2007190336,-23.173,120.02,,TS0346,6.5,6.5
2007190337,-18.662,134.848,,TS0746,6.5,6
2007190338,-27.048,140.68,,TS0184,6.5,6
2007190339,-22.444,119.664,,TS0329,7.5,8.5
2007190342,-25.147,116.934,2007190989,TS0404,7.5,8
2007190343,-12.555,143.159,,TS0865,6,6
2007190344,-23.034,141.738,,TS1013,8,7.5
2007190345,-11.298,132.304,,TS0635,4.5,5.5
2007190346,-30.077,147.562,,TS1197,8,9
2007190347,-21.063,137.979,,TS0786,5.5,6
2007190348,-17.593,143.186,,TS0913,5,4.5
2007190349,-20.857,120.689,2007191436,TS0282,6.5,7.5
2007190350,-37.081,140.794,,TS0119,5.5,6
2007190352,-38.698,145.882,2007190611,TS1327,4.5,4.5
2007190354,-19.449,121.582,,TS0249,8,8
2007190355,-28.693,120.942,2007191257,TS0437,8.5,8
2007190357,-15.045,135.21,2007190856,TS0684,5.5,5.5
2007190358,-33.86,150.349,,TS1278,4.5,4.5
2007190359,-12.91,131.668,,TS0647,4,4.5
2007190361,-32.167,125.361,2007191094,TS0582,8.5,9
2007190363,-23.496,129.036,,TS0814,5.5,4.5
2007190364,-34.17,142.994,,TS1287,10,10
2007190366,-31.062,152.801,,TS1218,6,6
2007190367,-17.947,140.181,,TS0916,7,6.5
2007190368,-33.02,149.281,,TS1253,5.5,8.5
2007190369,-17.982,137.968,,TS0735,5.5,5.5
2007190370,-20.705,118.293,,TS0277,7.5,7
2007190372,-34.207,144.625,,TS1288,8,9
2007190373,-22.283,137.936,,TS0800,5.5,5.5
2007190374,-16.485,141.792,,TS0892,5,5.5
2007190375,-28.894,116.386,,TS0450,7.5,10
2007190377,-15.359,130.288,,TS0690,6.5,6
2007190378,-34.87,143.87,,TS1293,8.5,9
2007190379,-25.395,132.55,,TS0849,6.5,6.5
2007190381,-42.78,147.088,,TS1387,4.5,5
2007190382,-21.949,138.458,,TS0990,8.5,8.5
2007190383,-22.401,145.129,2007191416,TS1009,7,6.5
2007190384,-22.738,132.823,,TS0809,6,6
2007190385,-25.238,143.799,,TS1079,6,6.5
2007190386,-21.615,115.925,,TS0299,8.5,8
2007190387,-12.363,136.709,,TS0639,6.5,6.5
2007190389,-26.763,134.539,2007190074,TS0110,6,5
2007190390,-22.019,133.984,,TS0798,6,6
2007190391,-26.303,139.386,,TS0187,6.5,5.5
2007190392,-17.463,141.189,,TS0910,6.5,6
2007190393,-35.397,143.649,2007191050,TS1334,4.5,4.5
2007190394,-33.034,146.645,,TS1265,6,9
2007190395,-31.352,123.61,,TS0565,6.5,6.5
2007190396,-32.317,150.757,,TS1243,8,8
2007190398,-28.749,122.193,,TS0438,6.5,8.5
2007190399,-16.768,131.242,,TS0711,6,5
2007190401,-25.022,150.115,,TS1083,8,9.5
2007190402,-21.343,119.352,,TS0298,7.5,8.5
2007190403,-26.963,150.866,,TS1120,6,7.5
2007190404,-24.807,152.181,,TS1068,5.5,4.5
2007190406,-21.531,147.048,2007190285,TS0981,5.5,6.5
2007190407,-25.897,138.852,,TS1075,6,5.5
2007190408,-33.315,115.837,,TS0603,5,7
2007190410,-32.327,124.899,,TS0595,8,8.5
2007190411,-23.465,117.572,,TS0356,8,8.5
2007190412,-34.699,139.494,,TS0129,9,9
2007190413,-18.165,139.136,,TS0923,6,6
2007190414,-36.038,144.309,2007191386,TS1346,5,7.5
2007190418,-31.14,118.478,,TS0558,6,5.5
2007190419,-18.577,136.116,2007190974,TS0741,5,5.5
2007190421,-33.772,119.957,,TS0611,7.5,7.5
2007190422,-28.976,144.411,,TS1163,6.5,8
2007190423,-29.414,139.518,,TS0168,9.5,9.5
2007190424,-31.392,140.718,,TS0153,8,9.5
2007190425,-33.157,147.451,2007190768,TS1263,6.5,5.5
2007190426,-31.851,147.132,,TS1237,6,6
2007190427,-34.219,135.554,,TS0004,8,9.5
2007190428,-21.181,136.172,,TS0787,6,5.5
2007190429,-33.361,150.947,,TS1269,5,4.5
2007190430,-28.059,145.683,,TS1142,8,9
2007190431,-30.548,141.026,,TS1212,9,9.5
2007190432,-26.559,120.031,,TS0489,7,8
2007190433,-15.2,144.434,,TS0883,7.5,7.5
2007190434,-32.345,121.706,2007191027,TS0593,7.5,7.5
2007190435,-22.973,149.241,,TS1021,7,8
2007190436,-33.759,121.56,,TS0610,5,7.5
2007190437,-23.624,117.587,,TS0357,7.5,8
2007190438,-16.857,145.715,,TS0900,5.5,5
2007190439,-34.528,138.462,,TS0130,5,7.5
2007190441,-20.452,137.838,,TS0769,5,5.5
2007190442,-25.768,137.232,,TS0854,6.5,5.5
2007190444,-32.493,149.269,,TS1249,5,6.5
2007190445,-20.699,141.493,,TS0970,7.5,8.5
2007190446,-26.372,136.915,,TS0113,9,9
2007190447,-27.529,144.085,,TS1132,8,6
2007190448,-22.912,132.272,,TS0808,6.5,8
2007190450,-32.113,123.74,,TS0589,8.5,9
2007190451,-25.681,142.175,,TS1091,8,8.5
2007190452,-36.516,150.031,,TS1312,5.5,6
2007190453,-16.993,144.302,,TS0901,6,6
2007190454,-30.544,131.061,,TS0053,9.5,9.5
2007190455,-20.67,147.658,,TS0964,5,5.5
2007190456,-29.618,120.93,,TS0462,6.5,8
2007190457,-35.54,138.577,2007191004,TS0124,6,6
2007190458,-18.561,140.719,2007190774,TS0927,6.5,6.5
2007190459,-32.789,118.591,,TS0600,6,8
2007190461,-29.479,125.171,,TS0460,8,7
2007190462,-37.477,149.643,,TS1356,6,5.5
2007190463,-18.9,144.987,,TS0932,6,4.5
2007190465,-19.63,135.672,,TS0754,6,8.5
2007190466,-32.284,134.926,,TS0022,8,9
2007190467,-16.516,137.531,,TS0710,6,5.5
2007190468,-17.264,133.456,,TS0718,6,5.5
2007190469,-32.854,140.611,,TS0143,8,10
2007190471,-25.296,133.102,2007190183,TS0848,8,8
2007190472,-18.619,135.405,2007191312,TS0740,6,6.5
2007190473,-30.586,138.004,,TS0160,9.5,9.5
2007190474,-12.67,132.235,,TS0653,6,5.5
2007190475,-27.63,114.249,,TS0518,7,7.5
2007190476,-27.351,145.18,,TS1126,4.5,4.5
2007190477,-25.683,149.805,,TS1103,5,6
2007190478,-24.072,144.969,,TS1056,6,6
2007190479,-19.409,132.63,,TS0756,6,6
2007190481,-15.253,129.577,2007191594,TS0691,6,6
2007190483,-23.636,143.877,,TS1038,7.5,8.5
2007190484,-30.656,122.534,,TS0545,8,8
2007190485,-40.953,148.017,,TS1373,5.5,5
2007190486,-34.126,149.019,,TS1280,5.5,6
2007190487,-20.968,137.933,,TS0783,5.5,5.5
2007190488,-36.246,146.269,,TS1350,4.5,5
2007190490,-29.871,121.987,,TS0531,6,8
2007190491,-33.137,142.556,,TS1257,9,9
2007190492,-30.835,128.312,,TS0550,8.5,8.5
2007190493,-37.927,141.28,,TS1368,5,4.5
2007190494,-21.015,146.877,,TS0980,7,6.5
2007190495,-32.431,134.088,2007191318,TS0020,10,10
2007190496,-20.668,143.895,,TS0974,5.5,5.5
2007190497,-17.603,131.576,2007190586,TS0723,5.5,6
2007190498,-27.873,151.527,,TS1145,6,9
2007190499,-25.71,118.08,,TS0422,8,8
2007190501,-33.821,140.05,,TS0136,9,9.5
2007190502,-24.279,144.333,,TS1054,6.5,6.5
2007190503,-22.512,138.441,,TS1007,9,9.5
2007190505,-24.98,133.994,,TS0837,7,7
2007190506,-23.217,139.574,2007190631,TS1024,7.5,9
2007190507,-29.941,142.718,,TS1184,8.5,9
2007190508,-23.429,148.149,2007191119,TS1028,9,8
2007190509,-22.761,129.759,,TS0804,8,9
2007190510,-26.49,140.25,,TS0186,6.5,6.5
2007190511,-18.255,141.198,,TS0926,5,6
2007190512,-29.626,134.814,,TS0062,8.5,8
2007190513,-29.975,148.148,,TS1193,6,6.5
2007190514,-11.035,142.659,,TS0858,6,6
2007190515,-34.646,143.563,,TS1290,5.5,5.5
2007190517,-27.774,121.437,,TS0519,6.5,8
2007190518,-15.379,142.026,,TS0884,6,6.5
2007190519,-11.603,142.136,,TS0860,6.5,6.5
2007190522,-28.482,139.987,,TS0177,9.5,9.5
2007190523,-29.217,143.18,,TS1175,6,9
2007190524,-30.616,137.339,,TS0050,9,8.5
2007190525,-25.826,139.476,,TS1098,7.5,7.5
2007190526,-35.894,150.064,2007191599,TS1307,6,5.5
2007190527,-22.612,140.563,2007190609,TS1004,6.5,7
2007190528,-22.205,114.785,,TS0315,6.5,7
2007190529,-17.291,133.139,,TS0720,6,6.5
2007190531,-20.707,143.134,2007190703,TS0969,9,9
2007190532,-30.009,146.355,,TS1196,5,7.5
2007190533,-26.181,117.973,,TS0474,8.5,8.5
2007190534,-25.677,149.219,2007191522,TS1094,5.5,6.5
2007190535,-19.742,121.2,,TS0255,8.5,8
2007190536,-25.192,137.937,2007190909,TS0847,6,5
2007190537,-28.603,150.372,,TS1157,6.5,8.5
2007190538,-28.392,150.273,,TS1152,6.5,7.5
2007190539,-29.988,150.777,,TS1191,8.5,8.5
2007190541,-24.958,114.807,,TS0396,7.5,7.5
2007190542,-19.601,145.89,,TS0945,4.5,5.5
2007190543,-28.321,141.409,,TS1156,8.5,9
2007190544,-16.773,138.086,,TS0896,6,6
2007190545,-35.578,150.17,,TS1306,6,6
2007190546,-35.694,142.617,,TS1341,9.5,10
2007190547,-27.845,123.727,,TS0522,8.5,8
2007190548,-18.084,143.92,2007191236,TS0934,4.5,4.5
2007190549,-25.516,123.036,2007191507,TS0412,6.5,7.5
2007190550,-18.623,146.091,,TS0930,6.5,6.5
2007190551,-29.058,153.334,,TS1171,5,5
2007190552,-33.911,136.413,2007190675,TS0006,7,9.5
2007190553,-33.453,150.904,,TS1273,5,5
2007190554,-14.185,129.651,2007190752,TS0673,5.5,6
2007190555,-32.061,125.624,,TS0592,8.5,9
2007190556,-38.156,147.021,,TS1320,4.5,5
2007190557,-34.888,118.001,,TS0630,5.5,5.5
2007190558,-19.23,146.627,,TS0936,7,6.5
2007190559,-23.583,136.62,,TS0813,6.5,6
2007190561,-28.192,133.004,,TS0084,5,5
2007190562,-20.985,132.576,,TS0782,6.5,7
2007190563,-13.107,135.729,,TS0657,6.5,6
2007190564,-21.365,138.274,,TS0978,8,8.5
2007190565,-17.939,123.743,,TS0231,7.5,7.5
2007190566,-29.279,115.166,,TS0455,7,6.5
2007190567,-30.325,144.019,,TS1195,5.5,9
2007190568,-12.497,141.892,2007190154,TS0864,6.5,6.5
2007190569,-33.961,145.56,,TS1274,6.5,8
2007190570,-30.26,123.197,,TS0537,8,8
2007190571,-28.939,146.732,,TS1164,6.5,8.5
2007190572,-17.502,142.358,,TS0909,6.5,6.5
2007190574,-17.198,134.328,,TS0721,6,6
2007190575,-27.216,124.411,,TS0495,7,8.5
2007190576,-12.479,131.085,,TS0644,5,9
2007190577,-25.674,151.247,,TS1104,6.5,8
2007190578,-24.869,134.243,,TS0838,6,6
2007190579,-35.242,148.951,,TS1301,8.5,5
2007190581,-33.54,139.702,,TS0138,10,10
2007190583,-18.045,138.856,2007191063,TS0921,5,5.5
2007190584,-19.997,146.434,,TS0950,6,6
2007190585,-22.282,142.515,,TS0996,6.5,8
2007190586,-17.602,131.576,2007190497,TS0723,6,6
2007190588,-20.85,116.607,,TS0288,8,8.5
2007190589,-41.587,147.236,,TS1377,4.5,6
2007190591,-19.456,141.82,,TS0946,6,9
2007190592,-11.437,132.258,,TS0637,5.5,5.5
2007190593,-18.358,132.239,,TS0737,6.5,6.5
2007190596,-29.247,138.212,,TS0171,9.5,9.5
2007190597,-29.104,150.951,,TS1179,6,6.5
2007190598,-38.477,144.934,,TS1371,4.5,6.5
2007190599,-33.719,135.421,,TS0009,8.5,9.5
2007190601,-24.54,132.634,,TS0829,6.5,6.5
2007190602,-31.33,118.011,,TS0567,6,4
2007190604,-19.617,131.44,,TS0758,6.5,6.5
2007190605,-28.577,150.821,,TS1155,6,7.5
2007190606,-21.861,146.672,,TS0988,5,5
2007190609,-22.611,140.562,2007190527,TS1004,8,7.5
2007190610,-12.389,142.177,,TS0863,6.5,7
2007190611,-38.697,145.884,2007190352,TS1327,4.5,5
2007190613,-36.708,149.895,,TS1314,6,5.5
2007190616,-30.684,132.559,,TS0047,8,9
2007190618,-42.475,146.723,2007191166,TS1383,5,8.5
2007190619,-28.926,148.762,,TS1165,7,4
2007190621,-29.241,137.904,,TS0172,9.5,9.5
2007190622,-28.041,136.053,,TS0089,8,8.5
2007190623,-18.614,132.431,,TS0739,6,6
2007190624,-22.891,139.942,,TS1015,7,7
2007190625,-14.228,135.576,,TS0663,5.5,5.5
2007190626,-24.694,143.124,,TS1064,5.5,4.5
2007190627,-25.694,140.753,,TS1087,6,6.5
2007190628,-19.139,134.608,,TS0747,6.5,5.5
2007190629,-28.892,149.049,,TS1160,9,9
2007190631,-23.217,139.575,2007190506,TS1024,7,9
2007190632,-38.088,144.279,2007190032,TS1317,5,5.5
2007190633,-34.962,137.404,,TS0001,10,10
2007190634,-22.386,114.051,,TS0322,8,8
2007190635,-14.323,144.44,,TS0876,6.5,6.5
2007190636,-31.297,115.56,,TS0566,6.5,8
2007190637,-12.303,134.113,,TS0646,5.5,6
2007190639,-37.774,147.842,,TS1364,9,9
2007190641,-35.012,148.154,,TS1296,6,6
2007190642,-22.993,144.551,,TS1019,7,8.5
2007190643,-32.646,123.984,,TS0599,8.5,8.5
2007190644,-26.475,147.927,,TS1107,5.5,5.5
2007190645,-30.855,147.055,,TS1226,6.5,7.5
2007190646,-24.837,140.584,,TS1069,7,7
2007190647,-16.527,143.472,2007191525,TS0893,6.5,6.5
2007190648,-18.562,131.578,,TS0738,6,6
2007190650,-24.014,135.434,,TS0819,6.5,6.5
2007190651,-31.748,116.672,,TS0575,6,7.5
2007190652,-37.702,148.561,,TS1365,4.5,5
2007190653,-38.191,145.554,,TS1319,5,5
2007190654,-21.622,138.308,,TS0983,7.5,8.5
2007190655,-21.036,130.761,,TS0784,6.5,6.5
2007190657,-15.634,131.13,,TS0699,5,5.5
2007190658,-20.772,120.737,,TS0280,6.5,7
2007190659,-33.65,123.76,2007190739,TS0609,7.5,8.5
2007190661,-27.069,149.714,2007191334,TS1125,6.5,9
2007190663,-30.939,150.531,,TS1220,8.5,8
2007190664,-31.672,121.62,,TS0569,7,8.5
2007190665,-18.614,141.306,,TS0943,5.5,5.5
2007190666,-24.996,130.993,,TS0842,5,5
2007190667,-14.668,141.922,,TS0877,6.5,6.5
2007190669,-21.679,147.243,,TS0986,6,7
2007190670,-25.122,138.466,,TS1072,6,6.5
2007190671,-37.578,141.385,,TS1357,5.5,6
2007190672,-23.811,148.516,,TS1041,5,7
2007190673,-24.278,129.655,,TS0824,8,5
2007190674,-14.734,131.608,,TS0674,5,5.5
2007190675,-33.91,136.412,2007190552,TS0006,7,7
2007190676,-30.715,148.291,,TS1215,6.5,9.5
2007190677,-33.289,143.614,,TS1260,8.5,8.5
2007190679,-21.139,148.914,,TS0979,5.5,6
2007190681,-20.059,141.635,,TS0957,6.5,8
2007190682,-34.932,139.22,,TS0126,8.5,9
2007190683,-23.754,114.391,,TS0363,8,8
2007190684,-20.813,137.635,,TS0777,6,6.5
2007190685,-32.52,151.969,,TS1247,5.5,6
2007190686,-13.441,142.314,2007191430,TS0871,6,5
2007190687,-30.268,147.22,,TS1210,6,5.5
2007190688,-28.813,121.075,,TS0441,6.5,8.5
2007190689,-22.625,149.652,,TS1010,6,9.5
2007190690,-34.913,116.788,,TS0629,5,5
2007190691,-25.996,114.316,,TS0471,8,8
2007190692,-32.692,145.157,2007190335,TS1251,6.5,8
2007190693,-27.395,114.137,,TS0634,7,8.5
2007190694,-27.961,136.076,,TS0090,8.5,9
2007190695,-18.171,133.492,2007190924,TS0728,6.5,6
2007190697,-18.257,135.15,,TS0730,6,6
2007190698,-35.023,144.528,2007190813,TS1297,6,9
2007190699,-42.871,147.7,,TS1388,4.5,6
2007190701,-32.122,118.208,,TS0590,9,5.5
2007190702,-28.768,114.723,,TS0436,6.5,8
2007190703,-20.707,143.134,2007190531,TS0969,9,8.5
2007190704,-31.576,147.177,2007190194,TS1229,5.5,8
2007190705,-27.356,138.096,,TS0182,8,9.5
2007190706,-20.946,117.611,,TS0287,8,9
2007190707,-33.403,117.742,,TS0606,8,8.5
2007190708,-16.625,144.576,,TS0895,6.5,5.5
2007190709,-36.865,148.414,,TS1313,6,7
2007190710,-31.807,117.654,,TS0578,6.5,7.5
2007190711,-12.127,133.692,,TS0640,5.5,5.5
2007190712,-17.936,139.141,,TS0918,6,6
2007190713,-19.498,131.189,,TS0750,6.5,6.5
2007190714,-24.201,151.246,,TS1055,6,7
2007190716,-28.559,138.018,,TS0176,9.5,9.5
2007190717,-30.963,121.292,,TS0549,8,8.5
2007190721,-29.851,146.441,,TS1169,8,8.5
2007190722,-36.774,142.076,,TS1351,4.5,8.5
2007190723,-38.587,146.909,,TS1326,5,6
2007190724,-20.848,130.742,,TS0781,6.5,6.5
2007190725,-25.789,146.599,,TS1100,6.5,6.5
2007190726,-33.61,115.559,,TS0608,6,6
2007190727,-21.101,131.698,,TS0785,6.5,6.5
2007190728,-28.151,135.28,,TS0086,6.5,6.5
2007190730,-34.162,115.184,,TS0621,6.5,6.5
2007190732,-22.303,144.698,2007191450,TS1002,7,8
2007190733,-15.481,135.4,,TS0705,5.5,5.5
2007190735,-31.596,143.478,2007191549,TS1227,9,9.5
2007190737,-22.319,142.533,,TS1000,7,8
2007190738,-25.022,134.481,,TS0831,6,6.5
2007190739,-33.649,123.76,2007190659,TS0609,7.5,8.5
2007190741,-29.266,139.238,,TS0170,9.5,9.5
2007190742,-18.85,141.195,,TS0939,6,6
2007190743,-29.803,138.364,2007190906,TS0165,9.5,9.5
2007190744,-36.224,139.781,,TS0121,10,10
2007190746,-29.011,140.505,2007191241,TS0174,7.5,9.5
2007190747,-23.578,131.138,2007190212,TS0816,5,5
2007190748,-31.272,144.787,,TS1223,8,8.5
2007190750,-29.946,123.699,,TS0534,6,6
2007190751,-28.115,133.511,,TS0085,4.5,4
2007190752,-14.184,129.651,2007190554,TS0673,5.5,5.5
2007190753,-29.297,145.023,2007191299,TS1176,5.5,9
2007190754,-24.263,129.786,,TS0826,8,6
2007190755,-33.094,147.059,,TS1266,6.5,7
2007190756,-22.814,130.337,,TS0810,6.5,6.5
2007190757,-23.465,137.83,,TS0815,6.5,6
2007190758,-19.923,132.596,2007190296,TS0773,6.5,6.5
2007190759,-32.999,146.502,,TS1261,5.5,7.5
2007190761,-31.558,136.363,,TS0033,7,6
2007190762,-26.866,150.159,,TS1118,6.5,9.5
2007190763,-33.876,135.401,,TS0008,9.5,9.5
2007190764,-16.988,138.311,,TS0904,5.5,5.5
2007190766,-31.621,126.824,,TS0571,8.5,9
2007190767,-17.694,141.153,,TS0914,6,8.5
2007190768,-33.157,147.452,2007190425,TS1263,6.5,7.5
2007190769,-30.928,117.383,,TS0551,7.5,8
2007190770,-17.472,130.816,,TS0857,6.5,6.5
2007190771,-31.683,131.939,,TS0032,9.5,9.5
2007190772,-17.636,139.182,,TS0907,5.5,4.5
2007190774,-18.561,140.719,2007190458,TS0927,6.5,7
2007190775,-31.893,152.412,,TS1238,6.5,6
2007190776,-28.314,122.767,,TS0427,6,6.5
2007190778,-37.559,149.149,,TS1360,5,5
2007190779,-36.125,144.981,,TS1345,5,5
2007190781,-38.1,147.038,,TS1316,5,4.5
2007190782,-33.978,149.168,,TS1279,5.5,5.5
2007190783,-21.928,146.926,,TS0993,5,7.5
2007190785,-15.325,129.089,,TS0698,7,6.5
2007190787,-30.275,144.102,,TS1190,6,9
2007190788,-35.347,145.536,2007190193,TS1305,5,6
2007190789,-16.518,143.308,,TS0899,6.5,6
2007190790,-34.763,146.565,,TS1292,6,6
2007190791,-22.385,143.101,,TS0995,8.5,8
2007190792,-12.214,142.993,,TS0862,6.5,6.5
2007190793,-27.376,115.928,,TS0508,7.5,9
2007190794,-28.737,147.114,,TS1168,7,8
2007190795,-24.752,143.901,,TS1066,5.5,6
2007190796,-34.197,144.112,,TS1284,6,9.5
2007190798,-12.427,134.699,2007191229,TS0652,6,6
2007190799,-29.177,124.621,,TS0452,8.5,8.5
2007190802,-30.197,149.502,,TS1201,6,8
2007190803,-25.753,114.202,,TS0421,7.5,8
2007190805,-31.846,119.999,,TS0579,5.5,4
2007190806,-34.841,148.365,,TS1295,6,6
2007190807,-27.084,135.522,,TS0105,6.5,8.5
2007190809,-33.051,134.319,,TS0015,9.5,10
2007190810,-32.121,116.033,,TS0587,6,6
2007190811,-23.054,141.65,,TS1012,7.5,7.5
2007190812,-37.786,144.589,,TS1359,5.5,6.5
2007190813,-35.023,144.528,2007190698,TS1297,6,9.5
2007190814,-32.158,136.785,,TS0023,7,7
2007190816,-19.557,141.014,,TS0947,8,8.5
2007190817,-18.679,132.99,,TS0742,6.5,6.5
2007190818,-34.266,119.403,2007191157,TS0622,6.5,7
2007190819,-28.764,120.623,,TS0448,6.5,8
2007190821,-16.948,142.077,,TS0905,5.5,5.5
2007190822,-30.774,125.899,,TS0591,9,8
2007190823,-41.66,144.934,,TS1380,4,4.5
2007190825,-20.308,141.159,2007191214,TS0976,7.5,8.5
2007190826,-20.902,129.349,2007191052,TS0780,6.5,6.5
2007190827,-27.199,119.954,2007191440,TS0498,8.5,8.5
2007190829,-19.988,120.217,,TS0265,6,6
2007190830,-20.149,138.039,,TS0954,4.5,5.5
2007190831,-16.819,141.322,,TS0897,6,7
2007190832,-29.692,133.476,,TS0060,8,9.5
2007190833,-22.934,136.784,,TS0807,6,6
2007190834,-33.829,120.794,2007190889,TS0616,6.5,6.5
2007190835,-31.268,131.691,,TS0038,9.5,9.5
2007190836,-22.714,114.349,,TS0330,9,8.5
2007190838,-29.372,146.72,,TS1180,6,8
2007190839,-25.447,151.667,,TS1089,6.5,7.5
2007190841,-22.411,139.96,,TS0999,9,7.5
2007190842,-19.543,140.856,,TS0955,7,7.5
2007190843,-22.651,150.461,,TS1008,6.5,6
2007190844,-34.577,135.572,,TS0003,9.5,9.5
2007190846,-25.755,142.358,,TS1101,9.5,8
2007190847,-34.664,138.488,,TS0128,9,9
2007190848,-25.202,135.691,,TS0844,6,6.5
2007190849,-28.434,146.655,2007191277,TS1151,7.5,7.5
2007190850,-16.736,123.909,,TS0213,7.5,7.5
2007190851,-32.251,138.162,,TS0147,9,9
2007190852,-21.02,130.103,,TS0779,6.5,6.5
2007190853,-32.272,137.754,2007190939,TS0146,8.5,5
2007190854,-30.535,135.539,,TS0052,9.5,9.5
2007190855,-26.608,118.166,,TS0487,7.5,7.5
2007190856,-15.046,135.21,2007190357,TS0684,5.5,5.5
2007190857,-24.255,135.233,,TS0825,7.5,7.5
2007190858,-18.139,141.168,,TS0924,6,4.5
2007190859,-20.876,116.513,,TS0289,8.5,9
2007190861,-29.545,116.714,,TS0461,5.5,7
2007190862,-16.161,136.757,,TS0706,6,6
2007190864,-29.353,117.818,,TS0464,6.5,8
2007190865,-30.744,136.905,2007191183,TS0046,8.5,8.5
2007190866,-15.102,133.076,,TS0686,6,6.5
2007190867,-23.557,145.805,,TS1032,6.5,6
2007190868,-14.827,130.185,,TS0678,6,5.5
2007190870,-31.988,137.209,,TS0025,4.5,5.5
2007190871,-33.592,122.173,,TS0613,6,8
2007190874,-17.409,130.775,2007191297,TS0722,6,6
2007190875,-28.132,136.783,2007190256,TS0087,8.5,8.5
2007190876,-20.402,147.35,2007190035,TS0968,5,5
2007190877,-34.984,116.63,,TS0631,4.5,6
2007190878,-25.589,152.7,,TS1084,5,5
2007190879,-14.715,132.081,,TS0679,5.5,5.5
2007190881,-27.699,117.984,,TS0513,7,7
2007190882,-17.752,131.534,,TS0729,6,5.5
2007190883,-26.546,115.485,,TS0477,7.5,7.5
2007190884,-16.644,135.845,,TS0714,6,6
2007190885,-35.776,143.92,,TS1340,5,9
2007190886,-38.661,146.274,,TS1328,5,5
2007190887,-13.799,130.417,2007191058,TS0659,5.5,6
2007190888,-33.503,135.329,,TS0010,10,10
2007190889,-33.83,120.794,2007190834,TS0616,6.5,6.5
2007190890,-31.202,119.294,,TS0553,8,8
2007190891,-21.869,136.077,,TS0794,6,6
2007190894,-31.129,124.31,,TS0560,7.5,8.5
2007190895,-29.701,147.369,2007190947,TS1188,7.5,9
2007190896,-28.266,117.389,2007191441,TS0429,7.5,7.5
2007190897,-25.37,151.084,,TS1070,7.5,7
2007190898,-27.132,152.507,,TS1127,5.5,5.5
2007190901,-31.351,120.209,,TS0564,8,8.5
2007190902,-37.71,144.838,,TS1363,6,6
2007190903,-13.583,135.697,,TS0660,6,5.5
2007190904,-20.054,119.311,,TS0268,7.5,8
2007190905,-20.201,133.871,,TS0766,6.5,6.5
2007190906,-29.803,138.365,2007190743,TS0165,9.5,9.5
2007190907,-32.156,135.857,,TS0024,8,8.5
2007190909,-25.192,137.937,2007190536,TS0847,6,6
2007190910,-20.799,134.242,,TS0778,6.5,6.5
2007190912,-22.284,148.942,,TS0994,6,8.5
2007190913,-30.693,134.281,2007190107,TS0048,7.5,7
2007190914,-27.387,117.765,,TS0511,6,5.5
2007190915,-25.193,115.511,,TS0406,7.5,8
2007190916,-20.109,132.99,,TS0765,6.5,7
2007190917,-22.646,119.969,,TS0334,8,8
2007190918,-35.25,138.995,,TS0125,7,8.5
2007190919,-19.558,147.103,,TS0949,5,5
2007190921,-18.805,143.277,,TS0935,6,4.5
2007190922,-35.084,139.885,2007191082,TS0127,6,9.5
2007190923,-25.742,114.295,,TS0469,8.5,9
2007190924,-18.171,133.492,2007190695,TS0728,6,6.5
2007190925,-17.235,138.678,,TS0906,4.5,4
2007190926,-31.829,145.277,,TS1236,6.5,6.5
2007190927,-30.752,152.192,2007191444,TS1217,7,7
2007190928,-26.289,116.889,,TS0480,6.5,8.5
2007190929,-29.445,153.21,,TS1182,5,4.5
2007190930,-15.503,142.538,,TS0885,6.5,7
2007190931,-23.835,130.379,,TS0817,5,5
2007190932,-22.861,120.289,,TS0341,6,7
2007190933,-26.645,141.803,,TS1106,7,8.5
2007190936,-26.392,146.248,,TS1113,6,5.5
2007190939,-32.272,137.754,2007190853,TS0146,8.5,7.5
2007190941,-12.105,142.278,,TS0861,6,6.5
2007190942,-17.661,123.392,,TS0225,6.5,8.5
2007190943,-30.918,144.012,,TS1213,9,10
2007190945,-31.447,152.74,,TS1225,7,6.5
2007190946,-21.644,129.678,,TS0791,6,6.5
2007190947,-29.701,147.369,2007190895,TS1188,8,9
2007190948,-23.934,135.849,,TS0821,6,6.5
2007190949,-32.448,136.005,2007191504,TS0021,9.5,9.5
2007190950,-24.118,136.89,,TS0830,6.5,6
2007190951,-28.176,115.702,,TS0423,8,10
2007190952,-31.584,127.66,,TS0588,9,8.5
2007190953,-30.938,116.051,,TS0557,5.5,6.5
2007190954,-33.518,116.807,,TS0607,5,5.5
2007190955,-34.151,138.261,,TS0134,7.5,8.5
2007190958,-20.228,148.495,,TS0953,5,4.5
2007190959,-30.3,115.197,,TS0541,5,6.5
2007190962,-17.078,124.067,2007190197,TS0217,6,7
2007190963,-15.67,129.896,,TS0696,6.5,6
2007190964,-34.984,142.06,,TS1331,9,9
2007190966,-17.347,124.367,,TS0224,7,7
2007190967,-31.177,135.341,,TS0041,8,9
2007190968,-28.035,141.91,2007191437,TS1148,7.5,8.5
2007190969,-32.945,141.452,,TS1258,8,9
2007190970,-41.049,144.675,2007191245,TS1372,4.5,5
2007190971,-14.738,134.047,,TS0677,6,6
2007190972,-32.681,141.678,,TS1255,8.5,9
2007190973,-28.362,119.589,,TS0430,6.5,7.5
2007190974,-18.576,136.116,2007190419,TS0741,5,5.5
2007190975,-29.382,126.292,,TS0453,8,8.5
2007190976,-25.045,117.587,,TS0401,8,8
2007190978,-32.4,150.371,2007190241,TS1244,5,8.5
2007190979,-20.402,141.335,,TS0962,7.5,8.5
2007190982,-34.033,144.826,,TS1286,9,8.5
2007190984,-27.532,115.218,2007190039,TS0515,7.5,9
2007190985,-21.652,136.649,,TS0795,6.5,6
2007190986,-22.237,134.557,2007191592,TS0796,6.5,5.5
2007190989,-25.147,116.933,2007190342,TS0404,7,8.5
2007190990,-16.533,142.057,2007191537,TS0894,5,5.5
2007190991,-34.335,146.578,,TS1289,6,8
2007190992,-24.331,147.444,,TS1058,5,6.5
2007190993,-41.192,146.252,,TS1376,5,4.5
2007190994,-17.975,135.576,,TS0731,6,5.5
2007190995,-33.34,138.065,,TS0139,9,8
2007190996,-24.835,130.729,,TS0841,5,9
2007190997,-29.718,125.256,,TS0530,8,8.5
2007190998,-14.976,141.799,,TS0880,6.5,7
2007190999,-28.556,147.407,,TS1154,7,9.5
2007191001,-17.993,145.93,,TS0920,6.5,6.5
2007191002,-20.447,130.642,,TS0768,8,7.5
2007191003,-22.729,115.698,,TS0337,7.5,8
2007191004,-35.541,138.577,2007190457,TS0124,6,6
2007191005,-19.929,147.844,,TS0951,4.5,5
2007191006,-22.339,119.241,,TS0326,8,8
2007191007,-23.106,149.868,2007191551,TS1031,6.5,7
2007191008,-19.32,131.641,,TS0753,6,6
2007191011,-20.803,142.263,,TS0971,9,8.5
2007191012,-41.438,147.171,,TS1378,5,4
2007191013,-15.295,134.101,,TS0692,5.5,6
2007191014,-34.05,141.068,,TS1282,5,6.5
2007191015,-24.938,152.203,,TS1071,6.5,7
2007191016,-15.287,135.527,,TS0688,5.5,6
2007191018,-25.059,113.971,,TS0405,7,7.5
2007191019,-18.225,139.9,,TS0929,7,6.5
2007191021,-23.293,113.921,,TS0347,8.5,8.5
2007191022,-30.917,141.914,,TS1222,9,9.5
2007191023,-15.612,135.84,,TS0694,5.5,6
2007191024,-24.399,148.585,,TS1067,6,5
2007191025,-28.263,120.093,,TS0426,7.5,8.5
2007191027,-32.345,121.706,2007190434,TS0593,8,8
2007191028,-19.015,138.725,2007191531,TS0938,5,5
2007191029,-32.298,148.624,,TS1246,7,8
2007191030,-29.526,143.219,,TS1177,8.5,7
2007191031,-24.977,138.736,2007190155,TS1073,7,6
2007191032,-16.753,123.995,,TS0214,7,7
2007191035,-21.82,145.262,,TS0987,6,7
2007191036,-28.766,140.889,,TS0175,8,9.5
2007191037,-31.828,148.849,,TS1233,6,5.5
2007191038,-19.236,136.378,,TS0749,8,7
2007191039,-22.908,138.862,,TS1003,8,9
2007191042,-32.642,120.578,,TS0597,6.5,6.5
2007191043,-17.738,123.645,,TS0227,7,7
2007191044,-17.191,141.729,,TS0903,6.5,6.5
2007191045,-25.686,151.78,2007190114,TS1095,6.5,7.5
2007191046,-15.707,142.619,,TS0886,6.5,6.5
2007191047,-30.529,121.203,,TS0543,8.5,8.5
2007191050,-35.396,143.65,2007190393,TS1334,4.5,4.5
2007191051,-24.085,143.132,2007191331,TS1045,5,4.5
2007191052,-20.902,129.349,2007190826,TS0780,6.5,6.5
2007191053,-25.891,147.818,2007190091,TS1099,6,6.5
2007191056,-14.972,129.841,,TS0681,6,5
2007191057,-29.755,119.737,,TS0449,6.5,8
2007191058,-13.798,130.417,2007190887,TS0659,5.5,6
2007191059,-27.823,153.001,2007190005,TS1137,5.5,6
2007191061,-27.992,147.488,,TS1147,5,9.5
2007191062,-25.508,120.235,,TS0415,7.5,8.5
2007191063,-18.046,138.857,2007190583,TS0921,5,5
2007191065,-31.462,143.137,,TS1230,9,6.5
2007191066,-31.123,139.562,2007191379,TS0156,9.5,9.5
2007191067,-31.775,145.227,,TS1231,6,6.5
2007191068,-18.384,129.418,,TS0736,4.5,4.5
2007191069,-16.886,138.152,,TS0898,6.5,6.5
2007191070,-31.898,132.964,,TS0027,9.5,9.5
2007191071,-18.936,135.859,,TS0745,8.5,8.5
2007191073,-17.296,141.179,,TS1166,7.5,8
2007191074,-15.368,141.959,,TS1167,6,6
2007191076,-34.65,118.626,,TS0626,6.5,8
2007191077,-22.441,129.32,,TS0801,6.5,7.5
2007191078,-18.204,138.684,,TS0922,8.5,7.5
2007191079,-36.066,150.051,,TS1310,5.5,6
2007191082,-35.085,139.885,2007190922,TS0127,6,9.5
2007191084,-25.051,136.762,,TS0840,6,5.5
2007191085,-29.023,149.074,,TS1170,8,8
2007191087,-22.222,146.556,,TS0998,4.5,6
2007191088,-33.876,120.227,,TS0619,6.5,6.5
2007191089,-27.605,137.461,,TS0098,10,10
2007191090,-29.409,146.651,,TS1173,6,7
2007191091,-29.175,151.395,,TS1162,6,8
2007191092,-38.29,142.675,2007191211,TS1323,6,7
2007191093,-32.397,142.426,,TS1234,6.5,7
2007191094,-32.167,125.36,2007190361,TS0582,8.5,8.5
2007191096,-34.945,143.478,,TS1300,5.5,8.5
2007191097,-27.062,138.778,,TS0183,6,6.5
2007191098,-22.975,146.723,,TS1020,6,8.5
2007191099,-29.005,135.414,,TS0071,7,6.5
2007191101,-20,141.797,,TS0952,6,9
2007191102,-14.24,141.659,,TS0873,6,9
2007191103,-24.854,135.829,,TS0836,6.5,6
2007191105,-31.246,130.898,2007190145,TS0039,9.5,9.5
2007191107,-28.035,121.645,,TS0525,7,8
2007191109,-33.97,139.677,,TS0135,10,10
2007191110,-36.451,143.979,,TS1353,6,6.5
2007191111,-27.191,136.421,,TS0102,9,9.5
2007191112,-21.496,133.468,,TS0790,6.5,6
2007191113,-35.49,142.947,,TS1336,6,9
2007191114,-32.422,122.621,,TS0615,6,7.5
2007191115,-14.878,134.563,,TS0680,6,6
2007191116,-18.595,133.195,,TS0743,6.5,6.5
2007191117,-31.295,128.557,,TS0568,8.5,8.5
2007191118,-33.763,147.515,,TS1275,7,8.5
2007191119,-23.428,148.149,2007190508,TS1028,8,9
2007191121,-31.234,121.962,2007190067,TS0561,6.5,8.5
2007191122,-31.006,124.643,,TS0540,8.5,8.5
2007191123,-19.022,138.764,,TS0937,5.5,6
2007191125,-34.117,141.992,,TS1291,5,5.5
2007191126,-23.631,113.986,,TS0359,8,8.5
2007191128,-24.504,151.923,,TS1063,5.5,5.5
2007191129,-27.755,142.264,,TS1136,6,8
2007191130,-30.842,118.267,,TS0548,6.5,7.5
2007191132,-30.249,145.938,,TS1207,8,8.5
2007191134,-29.907,115.996,2007191282,TS0533,6.5,8
2007191135,-22.518,116.605,,TS0331,7.5,8
2007191136,-19.105,145.691,,TS0940,4.5,5
2007191138,-31.393,140.015,,TS0152,8,10
2007191139,-19.525,133.597,,TS0755,6,6
2007191141,-29.563,134.16,,TS0063,7.5,10
2007191142,-15.887,143.482,,TS0887,6.5,6.5
2007191143,-33.089,137.029,,TS0014,9,9.5
2007191144,-34.401,118.726,,TS0623,6,6.5
2007191145,-34.476,140.368,,TS0133,9,9.5
2007191147,-13.363,141.823,,TS0868,7.5,6
2007191149,-18.278,134.532,,TS0733,6,6
2007191152,-19.877,130.32,2007191578,TS0761,7,8.5
2007191154,-23.964,149.868,,TS1050,6,8.5
2007191155,-34.026,137.587,,TS0005,10,10
2007191156,-33.22,140.509,,TS0141,9.5,9.5
2007191157,-34.266,119.402,2007190818,TS0622,7,7
2007191158,-32.111,147.463,,TS1241,6,6
2007191159,-27.567,119.566,,TS0516,7,8.5
2007191161,-25.739,120.871,,TS0419,8,8.5
2007191165,-22.596,114.104,,TS0332,8.5,9
2007191166,-42.476,146.723,2007190618,TS1383,5,8.5
2007191167,-33.334,135.01,,TS0012,10,10
2007191168,-32.502,142.083,2007191195,TS1252,6,9
2007191169,-19.217,145.426,,TS0941,5.5,6.5
2007191172,-23.707,113.898,,TS0371,8,8
2007191173,-18.158,131.292,,TS0732,6,6
2007191174,-30.275,136.935,,TS0056,9.5,8.5
2007191175,-22.811,131.144,,TS0802,6.5,7
2007191176,-29.217,152.565,2007190258,TS1174,5.5,5.5
2007191178,-19.921,147.228,,TS0958,5,5
2007191179,-33.067,123.45,,TS0617,8.5,9
2007191181,-31.414,130.058,,TS0036,9.5,9.5
2007191182,-37.72,148.476,2007190110,TS1354,4.5,7.5
2007191183,-30.744,136.905,2007190865,TS0046,8.5,9
2007191184,-27.894,149.566,,TS1141,6.5,8
2007191186,-27.284,148.904,,TS1124,6.5,7
2007191187,-23.14,146.684,,TS1023,4.5,4.5
2007191188,-29.157,119.002,,TS0447,6.5,8.5
2007191189,-23.706,141.097,,TS1042,6.5,7.5
2007191190,-20.111,148.151,,TS0960,4.5,5
2007191192,-24.818,113.811,2007191339,TS0397,7.5,8.5
2007191193,-35.959,149.133,,TS1309,6.5,5.5
2007191194,-34.958,117.041,,TS0628,5,5
2007191195,-32.503,142.083,2007191168,TS1252,7.5,9
2007191197,-23.421,148.672,,TS1029,9,8.5
2007191198,-28.067,139.274,2007190248,TS0178,8,10
2007191199,-27.445,124.265,,TS0512,8,8
2007191201,-25.066,133.789,,TS0843,7.5,7
2007191202,-26.416,145.998,,TS1108,5,4.5
2007191203,-37.152,149.859,,TS1315,5.5,5.5
2007191204,-20.814,146.77,,TS0973,7,6.5
2007191206,-42.545,145.481,,TS1385,4.5,4.5
2007191207,-24.515,149.767,,TS1065,6,6
2007191208,-29.465,137.076,,TS0065,9.5,8.5
2007191209,-27.708,152.682,,TS1131,6,7.5
2007191210,-38.73,143.232,,TS1329,5.5,5
2007191211,-38.291,142.674,2007191092,TS1323,6,6.5
2007191212,-32.184,148.739,,TS1240,6,6.5
2007191214,-20.309,141.159,2007190825,TS0976,6.5,8
2007191215,-23.557,148.141,2007191281,TS1033,5.5,8
2007191216,-20.315,136.104,2007191385,TS0775,6.5,9
2007191218,-14.658,134.362,,TS0671,6,6
2007191219,-27.497,141.984,,TS1119,9,8
2007191221,-38.144,144.277,,TS1318,5,6
2007191222,-14.791,134.919,,TS0676,5.5,5.5
2007191223,-11.104,142.284,,TS0859,6.5,6.5
2007191224,-16.444,131.068,,TS0713,6,5.5
2007191225,-30.081,140.019,,TS0163,9.5,9.5
2007191226,-31.658,128.053,,TS0572,9,9
2007191227,-15.136,141.809,,TS0881,7,7
2007191228,-25.064,141.358,,TS1074,5,5
2007191229,-12.428,134.699,2007190798,TS0652,5.5,6
2007191230,-30.877,115.651,,TS0544,6,6
2007191231,-30.042,142.013,,TS1198,9,9
2007191232,-31.954,120.776,,TS0584,6,8
2007191233,-14.918,133.752,,TS0683,5.5,5.5
2007191234,-30.269,142.792,,TS1205,7.5,6.5
2007191236,-18.084,143.92,2007190548,TS0934,4.5,4.5
2007191237,-34.447,115.777,,TS0624,5.5,5.5
2007191238,-21.951,144.284,,TS0985,8,8
2007191239,-25.807,145.581,,TS1092,7,7
2007191241,-29.017,140.497,2007190746,TS0174,7.5,7.5
2007191243,-20.581,142.922,,TS0965,4.5,5
2007191244,-24.312,138.83,,TS1053,6,7.5
2007191245,-41.049,144.671,2007190970,TS1372,5.5,5
2007191246,-26.167,137.533,,TS0115,9.5,9.5
2007191247,-15.592,133.197,,TS0697,6,6
2007191248,-34.782,135.529,,TS0002,9.5,9.5
2007191249,-27.091,118.746,,TS0500,7.5,8
2007191250,-28.918,146.878,,TS1159,6.5,8.5
2007191251,-26.214,122.122,,TS0478,8.5,8
2007191252,-32.922,134.159,,TS0018,9,9.5
2007191253,-22.914,116.284,2007190185,TS0340,7.5,7.5
2007191254,-20.043,137.016,2007190209,TS0759,5.5,5.5
2007191255,-23.04,140.338,,TS1016,6.5,7
2007191256,-41.757,147.186,,TS1381,4.5,5
2007191257,-28.692,120.942,2007190355,TS0437,8.5,8
2007191258,-18.252,122.413,,TS0236,6.5,6.5
2007191259,-30.539,115.227,2007190311,TS0542,6,8
2007191261,-28.767,135.156,,TS0076,7.5,7.5
2007191262,-25.685,129.213,,TS0853,8,8
2007191263,-38.381,142.597,,TS1325,5.5,7.5
2007191264,-23.385,136.45,2007191486,TS0811,5.5,6.5
2007191266,-27.798,148.506,,TS1139,5.5,8.5
2007191267,-30.887,133.418,,TS0044,4.5,5
2007191269,-25.491,149.763,,TS1086,5.5,5
2007191270,-12.237,134.048,,TS0648,6,5.5
2007191272,-27.72,140.783,,TS0179,5.5,6.5
2007191273,-12.617,132.209,,TS0643,5,4.5
2007191274,-28.159,145.036,,TS1138,5.5,9
2007191275,-29.464,126.178,2007191590,TS0463,8,8
2007191276,-35.037,144.192,,TS1302,9,9
2007191277,-28.436,146.656,2007190849,TS1151,6,9
2007191278,-28.333,148.84,,TS1144,5.5,5.5
2007191279,-30.232,124.435,,TS0539,5.5,6
2007191281,-23.557,148.145,2007191215,TS1033,4.5,7
2007191282,-29.908,115.995,2007191134,TS0533,7.5,8.5
2007191283,-37.736,145.21,,TS1361,5,5
2007191284,-25.798,146.428,,TS1080,6,7
2007191285,-17.953,135.707,,TS0726,5.5,6
2007191286,-30.133,124.752,,TS0536,5,6.5
2007191287,-11.708,132.919,,TS0636,5.5,5
2007191289,-30.064,140.24,,TS0164,9.5,10
2007191291,-27.137,123.474,,TS0501,7.5,8.5
2007191292,-32.755,151.73,,TS1254,6,8
2007191293,-28.317,143.134,2007191518,TS1150,7.5,9
2007191294,-23.961,149.846,,TS1048,5.5,7
2007191295,-26.773,138.294,2007191498,TS0185,9.5,10
2007191296,-32.941,120.345,,TS0602,8,8
2007191297,-17.41,130.775,2007190874,TS0722,6.5,6.5
2007191298,-27.394,145.218,,TS1129,5,6
2007191299,-29.294,145.023,2007190753,TS1176,6,9
2007191301,-28.777,125.768,,TS0435,5.5,8
2007191302,-31.313,134.465,,TS0037,9.5,9.5
2007191303,-25.76,147.873,,TS1102,6,6
2007191304,-27.085,141.173,,TS1123,8,9
2007191305,-30.481,133.688,,TS0054,9.5,9.5
2007191306,-24.023,144.853,,TS1046,6.5,6
2007191307,-41.08,145.924,,TS1374,4.5,4.5
2007191308,-38.268,144.347,,TS1324,5.5,8
2007191309,-43.014,147.011,,TS1389,5.5,4.5
2007191310,-33.291,137.295,,TS0013,8.5,9.5
2007191311,-18.437,140.873,,TS0931,6,7
2007191312,-18.619,135.406,2007190472,TS0740,6,6
2007191313,-24.121,137.943,,TS0828,6,6
2007191314,-20.551,132.126,,TS0767,6,6
2007191316,-28.212,114.32,,TS0425,5,7.5
2007191317,-29.38,139.982,,TS0169,4.5,4.5
2007191318,-32.432,134.088,2007190495,TS0020,10,10
2007191319,-33.012,136.63,,TS0017,9.5,6.5
2007191321,-29.53,146.113,,TS1194,6,7
2007191322,-19.256,132.667,,TS0751,6,6.5
2007191323,-25.706,137.889,,TS0851,6.5,5.5
2007191324,-30.645,145.053,,TS1211,7,9
2007191325,-29.422,120.52,,TS0459,7,8.5
2007191328,-32.802,137.575,,TS0144,8,8
2007191329,-14.296,131.869,,TS0668,5.5,5
2007191330,-33.442,150.868,,TS1268,5,5
2007191331,-24.085,143.132,2007191051,TS1045,5,4.5
2007191333,-42.506,146.693,,TS1382,4.5,8
2007191334,-27.07,149.713,2007190661,TS1125,6.5,7
2007191335,-27.821,118.382,,TS0520,7.5,8.5
2007191336,-26.34,144.309,,TS1105,4.5,4.5
2007191337,-12.656,135.311,,TS0650,6,6
2007191338,-34.229,143.526,,TS1277,8.5,9
2007191339,-24.819,113.809,2007191192,TS0397,8,8.5
2007191341,-31.641,139.454,,TS0150,9,9.5
2007191344,-24.348,136.628,,TS0823,6.5,7
2007191345,-15.979,142.504,,TS0888,5.5,6.5
2007191346,-25.611,134.799,2007191429,TS0852,5,6
2007191347,-24.773,120.184,,TS0393,7,8.5
2007191348,-28.347,125.39,2007190218,TS0424,5.5,6
2007191350,-22.814,141.954,,TS1011,6.5,7
2007191351,-30.23,140.699,,TS0161,10,10
2007191352,-26.296,122.317,,TS0481,6.5,8
2007191353,-30.698,115.585,,TS0546,6,5.5
2007191354,-20.255,143.108,,TS0959,6,8
2007191355,-36.262,147.242,,TS1348,4.5,6.5
2007191356,-15.475,129.756,,TS0687,6.5,6.5
2007191357,-26.455,114.164,,TS0482,7.5,8
2007191358,-21.734,135.611,,TS0792,6,5.5
2007191359,-15.895,136.319,,TS1391,6,5.5
2007191361,-25.069,143.004,,TS1078,6,5.5
2007191362,-16.509,136.043,,TS0712,5.5,6.5
2007191363,-29.529,126.704,,TS0529,8.5,8.5
2007191364,-19.894,140.155,,TS0963,6.5,7
2007191365,-31.157,133.459,,TS0042,6.5,6.5
2007191366,-29.851,115.154,,TS0532,6.5,5.5
2007191367,-37.83,147.58,,TS1366,6,6
2007191368,-18.749,131.295,,TS0744,7,7
2007191369,-22.666,115.679,,TS0336,7.5,7.5
2007191370,-30.583,134.797,,TS0051,8.5,10
2007191371,-12.667,131.349,,TS0641,5,5
2007191372,-34.52,115.914,2007191445,TS0625,5,5
2007191373,-34.335,137.931,,TS0131,10,10
2007191374,-34.36,142.212,,TS1330,9,9
2007191375,-26.84,144.311,,TS1115,5,8.5
2007191376,-30.788,130.404,,TS0045,9.5,9.5
2007191377,-25.742,115.124,,TS0416,8,8.5
2007191378,-36.024,146.278,,TS1344,5,6
2007191379,-31.122,139.563,2007191066,TS0156,9.5,9.5
2007191381,-33.595,137.982,,TS0137,9.5,9.5
2007191382,-26.986,116.222,2007191509,TS0496,7,8
2007191383,-16.444,141.582,,TS0890,5,5.5
2007191384,-24.518,114.014,,TS0372,8,8
2007191385,-20.315,136.104,2007191216,TS0775,6,6
2007191386,-36.037,144.309,2007190414,TS1346,5.5,8.5
2007191387,-12.968,130.761,2007191600,TS0655,6,5.5
2007191390,-25.919,144.567,,TS1093,5.5,7
2007191391,-29.384,137.053,,TS0066,9.5,8.5
2007191392,-25.026,115.864,,TS0402,8,8
2007191393,-27.472,140.094,,TS0181,5,5
2007191394,-17.369,123.186,,TS0222,7,7
2007191396,-30.147,148.391,2007190181,TS1209,6,8.5
2007191397,-37.745,148.956,,TS1362,4.5,5
2007191398,-30.096,136.136,,TS0058,6.5,8
2007191399,-23.083,132.938,,TS0812,6,6
2007191401,-31.173,140.616,,TS0155,8,9.5
2007191402,-15.321,135.34,,TS0703,5.5,5.5
2007191403,-33.025,137.446,,TS0016,9,9
2007191404,-25.337,140.238,,TS1081,8,6.5
2007191405,-28.688,144.787,,TS1153,6.5,7
2007191406,-22.806,132.603,,TS0806,6.5,6.5
2007191407,-31.789,132.4,,TS0030,9.5,9.5
2007191408,-24.64,113.845,,TS0386,8,8
2007191409,-28.088,123.358,,TS0524,8,8.5
2007191410,-17.799,133.834,,TS0724,6,6
2007191411,-38.025,147.175,,TS1369,4.5,4.5
2007191412,-20.456,137.143,,TS0771,6,5.5
2007191413,-29.356,121.877,2007190161,TS0458,8.5,8.5
2007191414,-22.19,138.698,,TS0992,8.5,8
2007191415,-21.98,115.033,,TS0311,7,7.5
2007191416,-22.401,145.129,2007190383,TS1009,6.5,7.5
2007191418,-43.33,146.97,,TS1390,4.5,5
2007191419,-24.025,115.674,,TS0367,8,9
2007191420,-32.017,143.635,,TS1239,9,9
2007191421,-27.107,149.063,,TS1121,8,9
2007191422,-29.785,140.281,,TS0166,9.5,9.5
2007191423,-15.765,130.034,,TS0700,5.5,6
2007191425,-22.027,129.363,,TS0797,7,7.5
2007191426,-22.752,150.116,,TS1017,5.5,8
2007191428,-14.911,144.214,,TS0879,7.5,7.5
2007191429,-25.611,134.798,2007191346,TS0852,5.5,7
2007191430,-13.441,142.313,2007190686,TS0871,6.5,4.5
2007191431,-14.154,141.671,,TS0872,4,4.5
2007191433,-12.048,132.939,,TS0638,6,6
2007191434,-23.989,151.12,,TS1043,7,7.5
2007191435,-26.752,153.075,,TS1117,5.5,5.5
2007191436,-20.858,120.689,2007190349,TS0282,6.5,7.5
2007191437,-28.036,141.911,2007190968,TS1148,8,9
2007191438,-29.871,117.715,,TS0465,8,8
2007191439,-18.018,140.564,,TS0917,6.5,7.5
2007191440,-27.198,119.954,2007190827,TS0498,7.5,8
2007191441,-28.267,117.388,2007190896,TS0429,7.5,7.5
2007191442,-15.611,132.625,,TS0695,5,5
2007191443,-18.698,139.767,,TS0944,6.5,6.5
2007191444,-30.752,152.191,2007190927,TS1217,6,6.5
2007191445,-34.52,115.913,2007191372,TS0625,6.5,6.5
2007191446,-17.163,138.479,,TS0902,5.5,5.5
2007191447,-22.228,142.407,,TS0991,7,6.5
2007191448,-16.964,122.775,,TS0216,6.5,8
2007191449,-22.858,149.33,,TS1014,5.5,6
2007191450,-22.303,144.698,2007190732,TS1002,7.5,7.5
2007191451,-41.268,146.419,,TS1375,5,4.5
2007191452,-24.811,132.286,,TS0833,7.5,7.5
2007191453,-24.658,130.62,,TS0839,6,6
2007191454,-30.77,150.632,,TS1216,6.5,8
2007191456,-26.743,120.269,,TS0493,8,8
2007191457,-15.447,130.354,,TS0693,6,5.5
2007191458,-29.171,136.325,2007190266,TS0069,9.5,7.5
2007191460,-36.508,148.823,,TS1311,4.5,6
2007191462,-26.099,116.616,,TS0472,7,8
2007191463,-23.193,144.383,,TS1025,6.5,8
2007191466,-16.3,129.699,,TS0707,6,5.5
2007191467,-32.364,139.04,,TS0145,9,9
2007191468,-21.05,117.133,,TS0286,7.5,8.5
2007191469,-36.706,140.741,,TS0120,9,9
2007191470,-17.209,131.447,,TS0717,6,6
2007191471,-24.553,133.233,,TS0822,7,6.5
2007191472,-19.962,120.506,,TS0262,5.5,6.5
2007191473,-30.924,127.451,2007191510,TS0563,9,8.5
2007191475,-36.162,141.483,,TS1337,5.5,6.5
2007191476,-24.361,139.471,,TS1037,5,5
2007191479,-15.367,134.153,,TS0701,5.5,6
2007191480,-12.427,132.968,,TS0645,6,6
2007191481,-20.52,118.496,2007190050,TS0273,5.5,6
2007191482,-31.949,138.166,,TS0148,9,9
2007191484,-20.086,141.131,,TS0956,7.5,8
2007191485,-29.945,146.43,,TS1192,8,9
2007191486,-23.384,136.45,2007191264,TS0811,5.5,6.5
2007191487,-24.168,141.091,,TS1044,4.5,5.5
2007191489,-37.603,141.445,,TS1358,5.5,5
2007191490,-18.201,142.874,,TS0925,4,6
2007191491,-33.427,115.712,,TS0605,7,6.5
2007191492,-12.24,135.399,,TS0642,5,5
2007191493,-29.388,152.487,,TS1181,5,6
2007191494,-42.705,147.267,,TS1386,5,4.5
2007191495,-14.43,135.125,,TS0666,6,6
2007191496,-25.943,122.363,,TS0475,8,8.5
2007191497,-20.576,137.665,,TS0772,5.5,5
2007191498,-26.773,138.295,2007191295,TS0185,9.5,9.5
2007191499,-17.334,122.17,,TS0220,6.5,6.5
2007191501,-15.412,129.195,,TS0689,6.5,5.5
2007191503,-24.75,116.26,,TS0389,7.5,8.5
2007191504,-32.448,136.005,2007190949,TS0021,8.5,9.5
2007191505,-28.348,135.09,,TS0082,6,6.5
2007191506,-31.659,116.721,,TS0574,5.5,8.5
2007191507,-25.515,123.037,2007190549,TS0412,6.5,7
2007191509,-26.986,116.222,2007191382,TS0496,7,8
2007191510,-30.924,127.452,2007191473,TS0563,8.5,8.5
2007191511,-33.451,137.048,,TS0011,9.5,9.5
2007191512,-14.562,135.005,,TS0672,6,5.5
2007191513,-36.802,145.083,,TS1352,6.5,5
2007191514,-23.308,150.446,,TS1026,6,7
2007191515,-14.618,143.895,,TS0874,7,7.5
2007191516,-23.616,143.846,,TS1035,6,8
2007191517,-27.849,133.661,,TS0092,4,4.5
2007191518,-28.317,143.135,2007191293,TS1150,5.5,8
2007191519,-17.962,140.835,,TS0912,5.5,8
2007191520,-22.089,140.112,,TS0984,7,7.5
2007191521,-30.723,139.524,,TS0159,9,9
2007191522,-25.678,149.219,2007190534,TS1094,5,6.5
2007191523,-32.36,142.165,,TS1245,9,9
2007191524,-34.405,140.846,,TS0132,10,10
2007191525,-16.528,143.472,2007190647,TS0893,5.5,6.5
2007191526,-23.836,134.673,,TS0818,6.5,6.5
2007191528,-26.296,143.385,,TS1112,5,6
2007191529,-30.755,144.065,,TS1204,6.5,9
2007191530,-25.89,123.029,,TS0476,7,8.5
2007191531,-19.017,138.725,2007191028,TS0938,6.5,6
2007191532,-20.48,140.589,2007190125,TS0961,7,6.5
2007191533,-29.742,117.799,,TS0467,7.5,8
2007191534,-27.144,134.553,,TS0103,5.5,5
2007191535,-37.219,139.999,,TS0118,6,6
2007191536,-17.837,139.745,,TS0915,6,8
2007191537,-16.533,142.057,2007190990,TS0894,5.5,5.5
2007191539,-14.323,132.413,,TS0667,5.5,5
2007191540,-30.313,146.079,,TS1206,6,6.5
2007191541,-25.687,152.82,,TS1097,6,5
2007191542,-34.088,141.915,2007190189,TS1283,9,9
2007191543,-23.68,138.733,,TS1040,9,8
2007191544,-27.216,121.101,,TS0502,8,9
2007191545,-29.054,133.293,2007190121,TS0070,4.5,4.5
2007191546,-29.044,138.84,,TS0173,10,9.5
2007191547,-24.109,143.353,,TS1051,5,5.5
2007191548,-18.672,141.712,,TS0933,5.5,5
2007191549,-31.597,143.476,2007190735,TS1227,9,9.5
2007191550,-33.029,143.632,,TS1259,9,8
2007191551,-23.107,149.87,2007191007,TS1031,6,5.5
2007191552,-12.957,132.393,2007190118,TS0656,4.5,5
2007191553,-24.928,138.636,,TS1061,6.5,6.5
2007191554,-29.062,117.277,,TS0454,8,8
2007191555,-14.934,133.143,,TS0682,6.5,9
2007191556,-31.851,127.026,,TS0562,8.5,8.5
2007191557,-24.496,145.201,,TS1059,6,6
2007191558,-24.194,140.931,,TS1049,6.5,5.5
2007191559,-32.244,117.039,,TS0594,7.5,7.5
2007191560,-31.907,115.963,,TS0580,5,4
2007191561,-30.666,150.056,,TS1214,7.5,8
2007191564,-26.654,146.177,,TS1116,5,5
2007191566,-26.709,114.671,2007190176,TS0483,5,5.5
2007191567,-20.062,135.957,,TS0774,6.5,7
2007191569,-14.363,131.558,,TS0669,6,6
2007191570,-22.479,144.654,,TS1005,6.5,6
2007191571,-25.311,114.124,,TS0409,7.5,8
2007191572,-33.743,121.255,,TS0612,5,5
2007191573,-26.387,146.075,,TS1110,5.5,7.5
2007191574,-31.036,150.333,,TS1221,8.5,9
2007191576,-17.979,122.563,,TS0232,8,8.5
2007191577,-22.42,144.516,,TS1001,6,8.5
2007191578,-19.872,130.321,2007191152,TS0761,6.5,6.5
2007191579,-19.293,136.068,,TS0748,6,7.5
2007191580,-31.476,140.571,,TS0151,9.5,9.5
2007191581,-35.973,144.168,,TS1342,5,9.5
2007191582,-16.263,145.335,,TS0889,5.5,6.5
2007191583,-17.166,133.283,,TS0719,5.5,6
2007191584,-36.031,147.353,,TS1308,5,6.5
2007191585,-14.696,143.99,,TS0878,6.5,7.5
2007191586,-12.793,143.294,,TS0867,6,6.5
2007191587,-30.879,123.636,,TS0547,6,6
2007191588,-21.875,145.232,,TS0989,7,8
2007191589,-29.273,116.426,,TS0451,8,7.5
2007191590,-29.464,126.179,2007191275,TS0463,8.5,8.5
2007191591,-38.173,141.722,,TS1321,5,9
2007191592,-22.238,134.556,2007190986,TS0796,5.5,6
2007191593,-24.135,151.692,2007190208,TS1052,5.5,5.5
2007191594,-15.252,129.577,2007190481,TS0691,6,5.5
2007191595,-27.557,152.796,,TS1133,7,7.5
2007191596,-34.178,150.304,,TS1285,5,5.5
2007191598,-18.715,121.93,2007190328,TS0244,5.5,6
2007191599,-35.894,150.063,2007190526,TS1307,5.5,6
2007191600,-12.844,130.62,2007191387,TS0655,6,5.5
